{
    "R7" : 99900.0,
    "R6" : 10050.0,
    "R8" : 1004.0,
    "R9" : 100.7,
    "R10" : 9.9,
    "R12" : 1.0,
    "R23" : 0.1,
    "R25" : 0.01931451,
    "R13" : 4725.0,
    "R14" : 2200.0,
    "R15" : 1003.0,
    "R16" : 1004.0,
    "R_LP_FET" : 0.053,
    "R_HP_FET" : 0.04873579
}