{
    "R19" : 100000.0,
    "R17" : 10000.0,
    "R15" : 1000.0,
    "R13" : 100.0,
    "R11" : 11.0,
    "R9" : 1.0,
    "R2" : 0.1,
    "R1" : -0.03185,
    "R_FET" : 0.06135
}